Item;SRS_Req_ID;SRS_Descricao;FRET_Req_ID;Componente_FRET;Camada_Arquitetural;Objetivo_Engenharia;Sentenca_FRETish;Criterio_Aceitacao;Status_Kind2
1;REQ-SYS-25;Processamento de Comandos Remotos de Bancada;REQ_CMD_001;esp32_cmd;BSW Com;Validação e Roteamento de Comandos Remotos MQTT (/coach/command);upon remote_command_received the esp32_cmd shall within 10 MILLISECOND satisfy command_executed_ack;;REALIZABLE (Pass)
2;REQ-SYS-26;Replay de Dados Históricos sob Demanda;REQ_CMD_002;esp32_cmd;BSW Com;Rejeição de Carga Inválida e Streaming de Replay sob Demanda;upon replay_command_triggered the esp32_cmd shall within 10 MILLISECOND satisfy replay_streaming_active;;REALIZABLE (Pass)
3;REQ-SYS-23;Fallback Automático e Transparente para Cartão SD (AC-06);REQ_FSM_001;esp32_fsm;APP FSM;Comutação Determinística para Fallback Offline em SD (<= 5 ms);in active_session upon wifi_disconnected the esp32_fsm shall within 5 MILLISECOND satisfy sd_fallback_active;AC-06;REALIZABLE (Pass)
4;REQ-SYS-24;Procedimento de Reconexão e Descarregamento de Backlog;REQ_FSM_002;esp32_fsm;APP FSM;Dreno da Fila de Backlog FIFO após Reconexão de Rede;in active_session upon wifi_reconnected the esp32_fsm shall within 10 MILLISECOND satisfy backlog_fifo_drained;AC-06;REALIZABLE (Pass)
5;REQ-SYS-11;Serialização Tabular Determinística em CSV sem Alocação Dinâmica;REQ_LOG_001;esp32_logger;APP Logger;Formatação Determinística de Linha CSV em Buffer Estático;in active_session upon telemetry_frame_received the esp32_logger shall within 1 MILLISECOND satisfy csv_line_formatted;AC-04;REALIZABLE (Pass)
6;REQ-SYS-12;Garantia de Integridade Estrutural do Dataset (AC-04);REQ_LOG_002;esp32_logger;APP Logger;Integridade Estrutural: Ausência de Campos Mandatórios Nulos;in active_session when dataset_recording the esp32_logger shall always satisfy null_mandatory_fields = 0;AC-04;REALIZABLE (Pass)
7;REQ-SYS-13;Buffer Circular Intermediário em Memória SRAM;REQ_LOG_003;esp32_logger;APP Logger;Bufferização Estática Circular em SRAM (4096 bytes);in active_session upon csv_line_available the esp32_logger shall within 1 MILLISECOND satisfy sd_buffer_pushed;AC-04;REALIZABLE (Pass)
8;REQ-SYS-14;Políticas de Esvaziamento do Buffer (Flush Híbrido);REQ_LOG_004;esp32_logger;APP Logger;Despacho Imediato por Limiar de Capacidade do Buffer (3584B);in active_session when buffer_occupancy >= 3584 the esp32_logger shall immediately satisfy flush_signal_emitted;;REALIZABLE (Pass)
9;REQ-SYS-14;Políticas de Esvaziamento do Buffer (Flush Híbrido);REQ_LOG_005;esp32_logger;APP Logger;Dreno Periódico Preventivo por Timeout de Flush (2 s);in active_session upon flush_timer_2s_expired the esp32_logger shall within 10 MILLISECOND satisfy pending_bytes_flushed;AC-04;REALIZABLE (Pass)
10;REQ-SYS-15;Escrita Fatiada em Chunks e Preempção Cooperativa;REQ_LOG_006;esp32_logger;APP Logger;Escrita Cooperativa em Chunks com Yield Temporal (<= 0.76 ms);in active_session upon sector_write_chunk the esp32_logger shall within 1 MILLISECOND satisfy chunk_preemption_yielded;;REALIZABLE (Pass)
11;REQ-SYS-23;Fallback Automático e Transparente para Cartão SD (AC-06);REQ_LOG_007;esp32_logger;APP Logger;Retenção Resiliente em Backlog de RAM sob Falha do SD;in offline_mode upon sd_write_failed the esp32_logger shall within 2 MILLISECOND satisfy ram_backlog_retained;;REALIZABLE (Pass)
12;REQ-SYS-29;Telemetria de Desempenho e Memória In-Situ HEARTBEAT (AC-05);REQ_LOG_008;esp32_logger;APP Logger;Limite Máximo de Consumo de SRAM Estática (< 200 KB);in active_session when memory_supervision_active the esp32_logger shall always satisfy sram_usage_kb < 200.0;AC-05;REALIZABLE (Pass)
13;REQ-SYS-29;Telemetria de Desempenho e Memória In-Situ HEARTBEAT (AC-05);REQ_LOG_009;esp32_logger;APP Logger;Emissão Periódica de Telemetria HEARTBEAT a cada 60 s;in active_session upon heartbeat_timer_60s the esp32_logger shall within 10 MILLISECOND satisfy heartbeat_diag_logged;AC-05;REALIZABLE (Pass)
14;REQ-SYS-05;Polling Cíclico de Diagnóstico a 10 Hz;REQ_OBD_001;esp32_obd;APP Poller;Agendamento Cíclico de Polling OBD-II (100 ms / 10 Hz);in active_session upon obd_timer_100ms_expired the esp32_obd shall immediately satisfy obd_request_0x7df_transmitted;AC-02;REALIZABLE (Pass)
15;REQ-SYS-06;Escalonamento Round-Robin dos Parâmetros de Diagnóstico;REQ_OBD_002;esp32_obd;APP Poller;Rotação Sequencial Round-Robin dos 6 PIDs Veiculares;in active_session upon obd_tx_cycle_completed the esp32_obd shall within 1 MILLISECOND satisfy pid_index_incremented;AC-02;REALIZABLE (Pass)
16;REQ-SYS-10;Monitoramento e Tratamento de Timeout de Diagnóstico;REQ_OBD_003;esp32_obd;APP Poller;Detecção e Tratamento de Timeout de Resposta OBD (50 ms);in active_session upon obd_timeout_50ms_elapsed the esp32_obd shall immediately satisfy obd_timeout_recorded;;REALIZABLE (Pass)
17;REQ-SYS-05;Polling Cíclico de Diagnóstico a 10 Hz;REQ_OBD_004;esp32_obd;APP Poller;Intercalação de Comandos Prioritários na Fila OBD;in active_session upon can_cmd_received_in_queue the esp32_obd shall within 10 MILLISECOND satisfy can_cmd_interleaved;;REALIZABLE (Pass)
18;REQ-SYS-27;Detecção e Auto-Recuperação de Bus-Off sem Reinício do SoC (AC-07);REQ_REC_001;esp32_recovery;BSW Diag;Detecção Rápida de Erro Elétrico de Bus-Off na ISR (<= 1 ms);in active_session upon bus_off_error_detected the esp32_recovery shall within 1 MILLISECOND satisfy bus_off_flag_set;AC-07;REALIZABLE (Pass)
19;REQ-SYS-27;Detecção e Auto-Recuperação de Bus-Off sem Reinício do SoC (AC-07);REQ_REC_002;esp32_recovery;BSW Diag;Isolamento Seguro e Transição para Modo de Recuperação;upon bus_off_flag_active the esp32_recovery shall within 10 MILLISECOND satisfy bus_off_pause_signaled;AC-07;REALIZABLE (Pass)
20;REQ-SYS-27;Detecção e Auto-Recuperação de Bus-Off sem Reinício do SoC (AC-07);REQ_REC_003;esp32_recovery;BSW Diag;Disparo do Timer de Espera de 128 ms da ISO 11898 (Handshake);upon bus_off_pause_started the esp32_recovery shall immediately satisfy recovery_timer_128ms_start;AC-07;REALIZABLE (Pass)
21;REQ-SYS-27;Detecção e Auto-Recuperação de Bus-Off sem Reinício do SoC (AC-07);REQ_REC_004;esp32_recovery;BSW Diag;Reativação via Registradores PAC sem Reiniciar o SoC (<= 1 ms);upon recovery_timer_128ms_expired the esp32_recovery shall within 1 MILLISECOND satisfy twai_reset_mode_cleared;AC-07;REALIZABLE (Pass)
22;REQ-SYS-27;Detecção e Auto-Recuperação de Bus-Off sem Reinício do SoC (AC-07);REQ_REC_005;esp32_recovery;BSW Diag;Restauração Operacional do Barramento após 128x11 bits recessivos;upon twai_reset_mode_cleared the esp32_recovery shall within 5 MILLISECOND satisfy bus_off_clear_signaled;AC-07;REALIZABLE (Pass)
23;REQ-SYS-28;Detecção de Congelamento de Processamento (Logger Stall);REQ_REC_006;esp32_recovery;BSW Diag;Detecção de Falha Grave (5 retentativas) e Modo Isolado;in active_session upon logger_stall_30s_detected the esp32_recovery shall within 10 MILLISECOND satisfy stall_diag_logged;;REALIZABLE (Pass)
24;REQ-SYS-30;Temporizador de Supervisão por Hardware (Watchdog);REQ_REC_007;esp32_recovery;BSW Diag;Realimentação Periódica do Watchdog de Hardware (<= 1 ms);in active_session when system_tasks_healthy upon wdt_feed_tick the esp32_recovery shall within 1 MILLISECOND satisfy hw_watchdog_fed;;REALIZABLE (Pass)
25;REQ-SYS-16;Inicialização e Montagem FAT32;REQ_SD_001;esp32_sd;BSW Storage;Montagem do Sistema de Arquivos FAT32 no SPI2;in boot_mode upon boot_trigger & mcal_spi_sd_up & sd_card_inserted the esp32_sd shall within 10 MILLISECOND satisfy fat32_filesystem_mounted;;REALIZABLE (Pass)
26;REQ-SYS-17;Ciclo de Vida e Transição Atômica de Sessões;REQ_SD_002;esp32_sd;BSW Storage;Rotação Atômica e Segura de Arquivo de Sessão S_XXXX;upon session_rotate_command the esp32_sd shall within 10 MILLISECOND satisfy session_file_rotated_atomically;;REALIZABLE (Pass)
27;REQ-SYS-17;Ciclo de Vida e Transição Atômica de Sessões;REQ_SD_003;esp32_sd;BSW Storage;Gravação do Cabeçalho CSV Padronizado e Linha BOOT;upon new_file_opened the esp32_sd shall immediately satisfy header_and_boot_lines_written;;REALIZABLE (Pass)
28;REQ-SYS-18;Temporização de Sessão Automática e Volume Mínimo (AC-08);REQ_SD_004;esp32_sd;BSW Storage;Encerramento Seguro de Sessão Temporizada;in active_session upon session_duration_reached the esp32_sd shall within 10 MILLISECOND satisfy session_stopped_and_flushed;AC-08;REALIZABLE (Pass)
29;REQ-SYS-18;Temporização de Sessão Automática e Volume Mínimo (AC-08);REQ_SD_005;esp32_sd;BSW Storage;Volume Cumulativo de Amostras Gravadas (>= 72.000);upon benchmark_completion the esp32_sd shall satisfy total_dataset_samples >= 72000;AC-08;REALIZABLE (Pass)
30;REQ-SYS-19;Conexão Wi-Fi e Pilha TCP/IP no_std;REQ_COM_001;esp32_telemetry;BSW Com;Handshake de Temporizador DHCP da Pilha Wi-Fi no_std;in boot_mode upon boot_trigger & wifi_credentials_configured the esp32_telemetry shall immediately satisfy wifi_dhcp_timer_start;;REALIZABLE (Pass)
31;REQ-SYS-20;Cliente MQTT e Transmissão em Lotes Binários Compactos;REQ_COM_002;esp32_telemetry;BSW Com;Publicação de Lote Binário MQTT (150 amostras / 18B);in connected_mode upon binary_batch_full the esp32_telemetry shall within 10 MILLISECOND satisfy mqtt_batch_published;AC-04;REALIZABLE (Pass)
32;REQ-SYS-21;Publicação Periódica de Status e Keepalive do Sistema;REQ_COM_003;esp32_telemetry;BSW Com;Publicação Periódica de JSON de Status do Sistema (5 s);in connected_mode upon status_timer_5s the esp32_telemetry shall immediately satisfy status_json_published;;REALIZABLE (Pass)
33;REQ-SYS-20;Cliente MQTT e Transmissão em Lotes Binários Compactos;REQ_COM_004;esp32_telemetry;BSW Com;Despacho Periódico no Ciclo de 50 ms da RTE;in active_session upon dispatch_cycle_50ms the esp32_telemetry shall within 3 MILLISECOND satisfy data_packets_dispatched;AC-04;REALIZABLE (Pass)
34;REQ-SYS-19;Conexão Wi-Fi e Pilha TCP/IP no_std;REQ_COM_005;esp32_telemetry;BSW Com;Handshake de Temporizador de Conexão com Broker MQTT (5 s);in boot_mode upon ip_dhcp_assigned & mqtt_credentials_valid the esp32_telemetry shall immediately satisfy mqtt_connect_timer_start;;REALIZABLE (Pass)
35;REQ-SYS-03;Recepção Contínua e Assíncrona via TWAI;REQ_CAN_001;esp32_twai;MCAL Driver;Inicialização Assíncrona do Driver TWAI a 500 kbps;in boot_mode upon boot_trigger & mcal_twai_up the esp32_twai shall within 10 MILLISECOND satisfy twai_async_enabled;AC-01;REALIZABLE (Pass)
36;REQ-SYS-03;Recepção Contínua e Assíncrona via TWAI;REQ_CAN_002;esp32_twai;MCAL Driver;Timestamping em Nível de Interrupção ISR;in active_session upon can_frame_arrived the esp32_twai shall within 2 MILLISECOND satisfy frame_timestamp_captured;AC-01;REALIZABLE (Pass)
37;REQ-SYS-03;Recepção Contínua e Assíncrona via TWAI;REQ_CAN_003;esp32_twai;MCAL Driver;Decodificação e Escala de Grandezas DBC sem Heap;upon raw_can_frame_ready the esp32_twai shall within 1 MILLISECOND satisfy engineering_values_scaled;;REALIZABLE (Pass)
38;REQ-SYS-03;Recepção Contínua e Assíncrona via TWAI;REQ_CAN_004;esp32_twai;MCAL Driver;Inserção Segura no Canal Assíncrono da RTE;in active_session upon telemetry_frame_parsed the esp32_twai shall within 1 MILLISECOND satisfy rte_channel_pushed;;REALIZABLE (Pass)
39;REQ-SYS-04;Cumprimento da Taxa de Recepção de Quadros (AC-01);REQ_CAN_005;esp32_twai;MCAL Driver;Taxa Máxima de Perda de Frames em Operação Nominal (<= 1.0%);in active_session when can_bus_healthy the esp32_twai shall always satisfy frame_loss_percentage <= 1.00;AC-01;REALIZABLE (Pass)
40;REQ-SYS-03;Recepção Contínua e Assíncrona via TWAI;REQ_CAN_006;esp32_twai;MCAL Driver;Mitigação de Overflow em Canais da RTE sem Travar TWAI;in active_session upon rte_channel_overflow the esp32_twai shall immediately satisfy overflow_logged_and_dropped;;REALIZABLE (Pass)
41;REQ-SYS-01;Emissão Cíclica de Grandezas Dinâmicas do Motor (DBC);REQ_EMU_001;uno_ecu_emulator;HIL Simulation;Inicialização do MCP2515 e Perfil Padrão;in boot_mode upon boot_trigger & mcp2515_hardware_up the uno_ecu_emulator shall within 10 MILLISECOND satisfy can_bus_operational & active_profile = 2;AC-01;REALIZABLE (Pass)
42;REQ-SYS-01;Emissão Cíclica de Grandezas Dinâmicas do Motor (DBC);REQ_EMU_002;uno_ecu_emulator;HIL Simulation;Comutação de Perfil de Condução Simulada;in active_session upon profile_cmd_0x010_received the uno_ecu_emulator shall within 10 MILLISECOND satisfy active_profile = commanded_profile;;REALIZABLE (Pass)
43;REQ-SYS-01;Emissão Cíclica de Grandezas Dinâmicas do Motor (DBC);REQ_EMU_003;uno_ecu_emulator;HIL Simulation;Atualização do Modelo Físico da ECU e Invariantes;in active_session when active_profile >= 1 upon timer1_50ms_tick the uno_ecu_emulator shall within 1 MILLISECOND satisfy physics_model_updated & speed_kmh >= 0.0 & rpm >= 0.0 & throttle_pct >= 0.0 & load_pct >= 0.0 & maf_g_s >= 0.0 & coolant_temp_c >= -40.0;;REALIZABLE (Pass)
44;REQ-SYS-01;Emissão Cíclica de Grandezas Dinâmicas do Motor (DBC);REQ_EMU_004;uno_ecu_emulator;HIL Simulation;Emissão Cíclica de Grandezas do Motor DBC;in active_session when active_profile >= 1 & can_bus_operational upon physics_model_updated the uno_ecu_emulator shall within 2 MILLISECOND satisfy dbc_frames_emitted;AC-01;REALIZABLE (Pass)
45;REQ-SYS-02;Processamento de Interrupção de Alta Frequência no Emulador;REQ_EMU_005;uno_ecu_emulator;HIL Simulation;Processamento de Interrupção de Alta Frequência (Timer2 1ms);when can_bus_operational upon timer2_1ms_tick the uno_ecu_emulator shall within 1 MILLISECOND satisfy mcp2515_rx_polled;AC-03;REALIZABLE (Pass)
46;REQ-SYS-07;Codificação e Emissão de Resposta pela ECU Emulada;REQ_EMU_006;uno_ecu_emulator;HIL Simulation;Codificação e Emissão de Resposta OBD-II (0x7E8);in active_session upon obd_request_0x7df_received the uno_ecu_emulator shall within 10 MILLISECOND satisfy obd_response_0x7e8_sent;AC-02;REALIZABLE (Pass)
47;REQ-SYS-08;Limite de Latência Média de Resposta de Diagnóstico (AC-02);REQ_EMU_007;uno_ecu_emulator;HIL Simulation;Latência Média de Resposta OBD-II (< 10 ms);in active_session when obd_benchmark_running the uno_ecu_emulator shall always satisfy mean_obd_latency_ms < 10.0;AC-02;REALIZABLE (Pass)
48;REQ-SYS-09;Limite de Dispersão e Jitter de Resposta de Diagnóstico (AC-03);REQ_EMU_008;uno_ecu_emulator;HIL Simulation;Estabilidade Temporal e Jitter de Resposta (< 3 ms);in active_session when obd_benchmark_running the uno_ecu_emulator shall always satisfy latency_jitter_std_ms < 3.0;AC-03;REALIZABLE (Pass)
